{"Argentina": [84, [-34.9964963, -64.9672817]], "Australia": [85, [-24.7761086, 134.755]], "Austria": [82, [47.2, 13.2]], "Belgium": [81, [50.6402809, 4.6667145]], "Brazil": [87, [-10.3333333, -53.2]], "Bulgaria": [80, [42.6073975, 25.4856617]], "Canada": [82, [61.0666922, -107.991707]], "Chile": [86, [-31.7613365, -71.3187697]], "Colombia": [88, [4.099917, -72.9088133]], "Croatia": [82, [45.5643442, 17.0118954]], "Czechia": [82, [49.8167003, 15.4749544]], "Denmark": [85, [55.670249, 10.3333283]], "Egypt": [86, [26.2540493, 29.2675469]], "Finland": [82, [63.2467777, 25.9209164]], "France": [82, [46.603354, 1.8883335]], "Germany": [81, [51.0834196, 10.4234469]], "Greece": [80, [38.9953683, 21.9877132]], "Hong Kong": [89, [22.2793278, 114.1628131]], "Hungary": [83, [47.1817585, 19.5060937]], "India": [87, [22.3511148, 78.6677428]], "Indonesia": [90, [-2.4833826, 117.8902853]], "Iran": [86, [32.6475314, 54.5643516]], "Ireland": [81, [52.865196, -7.9794599]], "Israel": [85, [31.5313113, 34.8667654]], "Italy": [87, [42.6384261, 12.674297]], "Japan": [84, [36.5748441, 139.2394179]], "Kenya": [90, [1.4419683, 38.4313975]], "Lithuania": [82, [55.3500003, 23.7499997]], "Malaysia": [86, [4.5693754, 102.2656823]], "Mexico": [87, [23.553556999999998, -102.26751579375113]], "Netherlands": [83, [52.15517, 5.38721]], "New Zealand": [85, [-41.5000831, 172.8344077]], "Nigeria": [91, [9.6000359, 7.9999721]], "Norway": [82, [60.5000209, 9.0999715]], "Pakistan": [87, [30.3308401, 71.247499]], "Peru": [88, [-6.8699697, -75.0458515]], "Philippines": [84, [12.7503486, 122.7312101]], "Poland": [83, [52.215933, 19.134422]], "Portugal": [83, [40.0332629, -7.8896263]], "Romania": [84, [45.9852129, 24.6859225]], "Russia": [77, [64.6863136, 97.7453061]], "Saudi Arabia": [86, [25.6242618, 42.3528328]], "Serbia": [69, [44.1534121, 20.55144]], "Singapore": [81, [1.357107, 103.8194992]], "Slovakia": [79, [48.7411522, 19.4528646]], "Slovenia": [81, [45.8133113, 14.4808369]], "South Africa": [90, [-28.8166236, 24.991639]], "South Korea": [82, [36.638392, 127.6961188]], "Spain": [87, [39.3260685, -4.8379791]], "Sweden": [80, [59.6749712, 14.5208584]], "Switzerland": [82, [46.7985624, 8.2319736]], "Taiwan": [84, [23.9739374, 120.9820179]], "Thailand": [88, [14.8971921, 100.83273]], "Turkey": [81, [38.9597594, 34.9249653]], "Ukraine": [74, [49.4871968, 31.2718321]], "United Arab Emirates": [85, [24.0002488, 53.9994829]], "United Kingdom": [85, [54.7023545, -3.2765753]], "United States": [83, [39.7837304, -100.445882]], "Venezuela": [85, [8.0018709, -66.1109318]], "Vietnam": [91, [13.2904027, 108.4265113]]}